<application>
  <component name="ProjectManager">
    <defaultProject>
      <component name="Encoding" defaultCharsetForPropertiesFiles="UTF-8">
        <file url="PROJECT" charset="UTF-8" />
      </component>
      <component name="MavenImportPreferences">
        <option name="generalSettings">
          <MavenGeneralSettings>
            <option name="localRepository" value="E:\Workspace\Maven_repository" />
            <option name="mavenHome" value="E:/Workspace/apache-maven-3.3.9" />
            <option name="userSettingsFile" value="E:\Workspace\apache-maven-3.3.9\conf\settings.xml" />
          </MavenGeneralSettings>
        </option>
      </component>
      <component name="PropertiesComponent">
        <property name="last_opened_file_path" value="C:/Program Files/Java/jdk1.8.0_131/bin/jvisualvm.exe" />
        <property name="nodejs_interpreter_path.stuck_in_default_project" value="undefined stuck path" />
        <property name="nodejs_npm_path_reset_for_default_project" value="true" />
        <property name="project.structure.last.edited" value="Project" />
        <property name="project.structure.proportion" value="0.0" />
        <property name="project.structure.side.proportion" value="0.0" />
        <property name="settings.editor.selected.configurable" value="com.zeroturnaround.javarebel.idea.plugin.settings.startup.StartupConfigurable" />
      </component>
      <component name="VcsContentAnnotationSettings">
        <option name="myLimit" value="2678400000" />
      </component>
      <component name="masterDetails">
        <states>
          <state key="GlobalLibrariesConfigurable.UI">
            <settings>
              <splitter-proportions>
                <option name="proportions">
                  <list>
                    <option value="0.2" />
                  </list>
                </option>
              </splitter-proportions>
            </settings>
          </state>
          <state key="JdkListConfigurable.UI">
            <settings>
              <splitter-proportions>
                <option name="proportions">
                  <list>
                    <option value="0.2" />
                  </list>
                </option>
              </splitter-proportions>
            </settings>
          </state>
          <state key="ProjectJDKs.UI">
            <settings>
              <last-edited>1.8</last-edited>
              <splitter-proportions>
                <option name="proportions">
                  <list>
                    <option value="0.2" />
                  </list>
                </option>
              </splitter-proportions>
            </settings>
          </state>
          <state key="ProjectLibrariesConfigurable.UI">
            <settings>
              <splitter-proportions>
                <option name="proportions">
                  <list>
                    <option value="0.2" />
                  </list>
                </option>
              </splitter-proportions>
            </settings>
          </state>
        </states>
      </component>
    </defaultProject>
  </component>
</application>