<keymap version="1" name="Eclipse copy" parent="Eclipse">
  <action id="CodeCompletion">
    <keyboard-shortcut first-keystroke="alt slash" />
  </action>
  <action id="CreateJavaeeWebPageAction">
    <keyboard-shortcut first-keystroke="alt j" />
  </action>
  <action id="FileChooser.TogglePathShowing" />
  <action id="Find">
    <keyboard-shortcut first-keystroke="ctrl f" />
  </action>
  <action id="FixDocComment">
    <keyboard-shortcut first-keystroke="shift alt j" />
  </action>
  <action id="Generate">
    <keyboard-shortcut first-keystroke="alt insert" />
    <keyboard-shortcut first-keystroke="shift alt s" />
  </action>
  <action id="HippieCompletion" />
  <action id="Macro.AutoBuild">
    <keyboard-shortcut first-keystroke="ctrl s" />
  </action>
  <action id="NewClass">
    <keyboard-shortcut first-keystroke="alt c" />
  </action>
  <action id="NewDir">
    <keyboard-shortcut first-keystroke="alt p" />
  </action>
  <action id="NewFile">
    <keyboard-shortcut first-keystroke="alt f" />
  </action>
  <action id="ParameterInfo">
    <keyboard-shortcut first-keystroke="ctrl p" />
  </action>
  <action id="Print" />
  <action id="Replace">
    <keyboard-shortcut first-keystroke="ctrl r" />
  </action>
  <action id="RunToCursor" />
  <action id="SaveAll" />
  <action id="ShowIntentionActions">
    <keyboard-shortcut first-keystroke="alt enter" />
    <keyboard-shortcut first-keystroke="shift ctrl m" />
  </action>
  <action id="ShowPopupMenu">
    <keyboard-shortcut first-keystroke="ctrl n" />
    <keyboard-shortcut first-keystroke="ctrl f10" />
    <keyboard-shortcut first-keystroke="shift alt t" />
  </action>
  <action id="context.save" />
</keymap>